"","PN01366PM","PN01367PM","PN01368PM","PN01369PM","PN01370PM","PN01372PM","PN01373PM","PN01374PM","PN01375PM","PN01376PM","PN01377PM","PN01378PM","PN01379PM","PN01380PM","PN01381PM","PN01382PM"
"","Índice de precios al consumidor Lima Metropolitana: clasificación transables - no transables (variación porcentual) - Productos Transables - Alimentos","Índice de precios al consumidor Lima Metropolitana: clasificación transables - no transables (variación porcentual) - Productos Transables - Textil y Calzado","Índice de precios al consumidor Lima Metropolitana: clasificación transables - no transables (variación porcentual) - Productos Transables - Combustibles","Índice de precios al consumidor Lima Metropolitana: clasificación transables - no transables (variación porcentual) - Productos Transables - Aparatos Electrodomésticos","Índice de precios al consumidor Lima Metropolitana: clasificación transables - no transables (variación porcentual) - Productos Transables - Otros Transables","Índice de precios al consumidor Lima Metropolitana: clasificación transables - no transables (variación porcentual) - Productos No Transables - Alimentos","Índice de precios al consumidor Lima Metropolitana: clasificación transables - no transables (variación porcentual) - Productos No Transables - Servicios","Índice de precios al consumidor Lima Metropolitana: clasificación transables - no transables (variación porcentual) - Productos No Transables - Servicios - Servicios Públicos","Índice de precios al consumidor Lima Metropolitana: clasificación transables - no transables (variación porcentual) - Productos No Transables - Servicios - Otros Servicios Personales","Índice de precios al consumidor Lima Metropolitana: clasificación transables - no transables (variación porcentual) - Productos No Transables - Servicios - Servicios de Salud","Índice de precios al consumidor Lima Metropolitana: clasificación transables - no transables (variación porcentual) - Productos No Transables - Servicios - Servicios de Transporte","Índice de precios al consumidor Lima Metropolitana: clasificación transables - no transables (variación porcentual) - Productos No Transables - Servicios - Servicios de Educación","Índice de precios al consumidor Lima Metropolitana: clasificación transables - no transables (variación porcentual) - Productos No Transables - Servicios - Comida Fuera del Hogar","Índice de precios al consumidor Lima Metropolitana: clasificación transables - no transables (variación porcentual) - Productos No Transables - Servicios - Alquileres","Índice de precios al consumidor Lima Metropolitana: clasificación transables - no transables (variación porcentual) - Productos No Transables - Servicios - Otros Servicios","Índice de precios al consumidor Lima Metropolitana: clasificación transables - no transables (variación porcentual) - Productos No Transables - Otros No Transables"
Ene14,0.0788005704733427,0.27182731370638,1.44417141775853,-0.0536964488258834,0.381611576746977,1.60632137422792,-0.0229803959791689,-0.674810351548733,0.546215215987241,0.711588455653797,-0.741880507783901,0.0406670247231958,0.567620011005663,0.308980364796233,-0.0215872179829533,0.215041069981647
Feb14,0.34079415668566,0.204630112189889,0.827451613604309,-0.115546187564542,0.149546461493373,1.72620261186409,0.577576601923107,1.91503119104684,0.37768136527192,0.210629616263929,0.209931541550256,0.211382565560707,0.597645834683859,0.0894276629570548,0.21040810229507,0.179401106397058
Mar14,0.334947949463862,0.287256316133381,1.66412280405553,-0.0708897262374976,0.250537711479777,-0.611561016397835,0.905623545906954,0.248606601266145,0.178665991859085,0.0769986809009771,-0.0846275681340425,3.82931207668298,0.467947678177637,0.119130348456307,-0.0373665054783465,0.356041818312855
Abr14,0.785019493279576,0.0983110984501956,-0.505208416728715,0.31360582633896,0.331410954545116,0.906982122566102,0.285989710630452,0.786038184190152,0.0673123835589904,0.744478198700343,0.334738998731499,0,0.274634055578493,-0.00991571641055646,0.162944756116489,0.294639509689248
May14,0.44510322945544,0.335985596418554,-0.797829568226509,-0.380019675988142,0.355073884916071,0.510394634316666,0.128566927306087,0.183620001943646,0.0488503124501524,0.0701276734520927,-0.0382796865031227,0,0.30616284328859,0.347084490281589,0.101591167225364,0.174912013848756
Jun14,0.0005824908474312,0.173029082876254,-0.59887884500435,0.175785293045878,0.179859335033251,0.488842888831265,0.155896885623366,0.0777150161628413,0.215318410389506,0.470598292133505,0.0678016139977327,0.0312549477704761,0.357668995003861,0.177883190038614,-0.0122227601909741,0.095188250875079
Jul14,0.378662108829783,0.137930606495302,0.310258315644846,0.294010848596045,0.157303072846972,1.68454914366997,0.260129488882501,0.067969714714358,0.139022221054037,0.148918734891556,0.687327156319965,0.164037206052041,0.238390873768432,0.1578376245437,0.124195530701901,0.317027040172043
Ago14,0.202805112070573,-0.0197264161266941,-0.904752674414556,0.156472316288877,0.0575816747883686,0.0125865596271589,-0.189696837402806,-1.73587607135679,0.0970652070253279,0.130925029003522,-0.424051942961237,0.0311940123188837,0.431678893651043,0.305328474342618,0.175949420632427,0.0902322008348898
Sep14,0.135960122200258,0.073366067122549,-0.141850474340878,0.0528988065302478,0.1679395811517,0.495393114737423,0.11315320958714,-0.163331597374041,0.12283205688899,0.152386961960658,-0.00455760908053805,0.171513565791,0.274832299802592,0.333857030636313,0.0820508907997893,0.00898569565427208
Oct14,0.228037838239791,0.124579730323573,0.322867113066548,0.0984539208616397,0.237107764078286,1.37585932742734,0.245119419527492,0.929238886725892,0.0777463404392072,0.312440073930217,0.0138919889603704,0,0.224535965272621,0.371892738304869,0.209557046674336,0.113004970041846
Nov14,0.222206809059576,0.170591905688144,-1.70474927721498,0.0230050314151302,0.185513376936469,-1.82888943013369,0.148636453259322,-0.165488584156045,0.0568412270701706,0.683824983394789,0.198839582247485,0,0.368233443445412,0.214508580343198,0.156971772579008,0.14017129643439
Dic14,0.446504251140729,0.225814138045148,-5.45762378192373,-0.165544453382483,0.271916565137806,0.0641360435260614,0.566543448047356,-0.184115075513551,0.178122031957578,0.630372046426875,2.30996861202348,0,0.447763456146929,0.184860867873133,0.244531989908932,0.362265481602917
Ene15,-0.0684429317363058,0.217335490998521,-8.01123493918924,0.177891848403665,0.250264805641713,1.73532089104673,0.270888808009565,1.13566926338702,0.128861208404845,0.906297519023619,-0.763719477404012,0,0.686395494838292,0.349616393124243,0.236166104127014,0.214905575521338
Feb15,0.188973330125501,0.412264722561704,-3.20766596487922,0.213242399351398,0.425868928963855,1.03167581086345,0.287367356652078,0.941728246069436,0.14200367856006,0.572822818808686,-0.365798874071746,0.101175395711185,0.506896793938251,0.551630697764493,0.158584239851596,0.155421555264727
Mar15,0.494215586425225,0.187833409288211,2.95766890950675,0.365943235588373,0.358811240462029,0.375952646025119,1.03578714220493,-0.00909181166820514,0.204133302106757,0.658436055455103,0.213801537842922,4.01015928677812,0.589328350116316,0.153994225216505,0.258836790812464,0.107947814086436
Abr15,0.439440028479742,0.244156540151235,-0.110035661095122,0.337580838822927,0.54093973288258,0.673754407141881,0.307274612945537,0.0190184847662297,0.138835854292452,0.339292551377989,0.475089964976695,0.23536719562477,0.453743717986414,0.432442821449161,0.20322649478758,0.27391181218507
May15,1.05085344302839,0.281919498089944,2.91475066275977,0.260387562088308,0.275630473506094,0.0193516676871687,0.613817277556515,2.12020890206136,0.0936699950959868,0.526853886709838,0.417397471416982,0.186438518757366,0.484546559141225,0.153095397569669,0.392572916499117,0.0222353064457302
Jun15,0.931300936619851,0.196479658466777,4.9168271752939,0.913172759976989,0.175524098839927,-0.8480745292524,0.305982830602641,0.593453210115734,0.14571351997627,0.365012497314627,0.102490173520967,0.125003102580376,0.414048824706418,0.248399732492587,0.476034044249856,0.140439864934699
Jul15,0.467557408664039,0.376815554990746,-1.25008274259065,0.158088160630294,0.274317516431174,-0.119678182753072,0.770355855361046,2.38699048506117,0.164682360779982,0.592496550852258,1.34775653841438,0.133818654647978,0.226942453083445,0.114361955589384,0.634319271646417,0.0808539194347965
Ago15,0.138682075707878,0.27041064734965,-0.0569146771371629,0.399065372628403,0.341846947879574,1.53599387693115,0.179410779746819,0.756229947823096,0.0599454632561816,0.0821175859188878,-0.588450876180951,0.141064254063631,0.407357040547259,0.333174678724497,0.189308815861352,0.483778365909943
Sep15,-0.0676758421514998,0.29498053984933,-1.85002632894619,0.175371735331972,0.341441064480332,-0.526353405212151,0.166747449431449,0.0424585479482388,0.214249487328662,-0.172346744105033,-0.18470517245664,0.088967711454268,0.578994431686961,0.2182163187855,0.0396045696788294,0.105719720962171
Oct15,-0.108808306620764,0.126664036522666,-0.766903628737422,0.366835027017091,0.30660452213582,0.468954699037275,0.111767180720616,-0.168676612048775,0.092550008571122,0.677449035402229,0.0397586872982032,0.0518517004105001,0.288690719167138,0.0852030673104043,0.271579789989173,0.241945075284298
Nov15,0.0596179751761354,0.206518070255316,-0.62797786494857,-0.00250495003341914,0.302456470225916,1.93643057992973,0.104809193566222,-0.0649570245736591,0.088804911947837,0.292958132110227,-0.0381379346624019,0.0370177345397644,0.268661871237096,0.482406356413182,0.140881146311514,-0.186387543331938
Dic15,-0.00620575653540574,0.224882317875507,-0.81890501513706,0.0378272684978578,0.364904182871107,0.724078305558494,0.614475081842765,0.300419785725017,0.365884106064142,0.561710728772548,2.25750397104178,0,0.401612936280311,0.291819636637542,0.0718346348107025,0.157332520731532
Ene16,0.0267696700534313,0.0153408157005721,-1.3027468521595,-0.321898415572151,0.265756427456711,1.72562195886209,0.285482857068685,1.34260208860558,0.209379131800928,0.517548350672141,-1.03864316026011,0.0074008072968537,0.800769552177402,0.572554908954347,0.0392828609802276,-0.0191568825430592
Feb16,0.435312374743363,0.165923438689208,-2.65029570120532,0.273500689538323,0.55835558843325,-1.42291425878516,0.564757509251867,-0.152384834697356,0.180372177518324,1.10475299490022,0.205424139367083,1.38384854853038,0.750913057086232,0.503966402239829,0.271630486775361,0.114761404886176
Mar16,0.578689135696146,0.110043652225825,-1.35634050409725,0.586586875221098,0.224883488932191,0.770693536921405,0.822670920156631,0.0263898675004703,0.163818452571659,0.484659320104954,0.10012740179194,3.09324907290604,0.477462380185376,0.13928869904355,0.431850869938173,0.558479536198599
Abr16,0.709006820412739,0.174718287174641,-0.668785030070877,-0.51309781848441,0.192298304151752,-0.169435827905121,-0.1441047263915,-1.37319422010074,0.368521536174329,0.00713201711938537,-0.482658505751917,0.191166469717904,0.408430995679933,-0.760385756676524,0.2177166136597,0.352551415177615
May16,0.858730816789422,0.0265936160567495,1.48407224025962,0.177325902713523,0.939202432595268,-1.52990241259909,0.24578628693048,0.299292733186071,0.142066380203961,0.112254151582677,0.206795605837985,0.0141334608002381,0.475151396358079,0.317697626611853,0.104784870538244,0.185893871298014
Jun16,0.233106709919197,0.372785428986787,2.0545818977449,0.0230341952884354,0.631231287857828,-0.751373491830285,0.0790770103695697,0.298864435030788,0.159522017901398,0.342725716595869,-0.289173126506816,0.0282629270709958,0.205743620168853,0.111773472429155,0.0194407269675827,0.13917352209966
Jul16,0.687101552266116,0.283714300520894,-0.151793027618801,-0.0222117619253947,0.249602785315442,-1.01690250386871,0.157754954411327,0.116119791367827,0.439045458339216,0.329891662737355,0.40847058811458,0,0.154219049980419,-0.0372162262745724,-0.104332629395501,0.0231187897413053
Ago16,0.287261443401895,0.262148441023137,-0.209417759242696,0.179124572562333,0.305097290574234,1.25203738788448,0.209633129477548,0.570521350418562,0.275877238349626,0.330714481197038,-0.204461698831478,0.17659338373371,0.269732373410313,0.13961280714819,0.284845675487863,0.314311421349562
Sep16,-0.0230319320608003,0.0804334446138105,1.06910689278362,0.0419534656991592,0.193545905858945,0.6932120765134,0.121383543178448,0.139589836699552,0.443629729186664,0.259264228251901,-0.0318886255436456,0.00705128324975077,0.19586093427917,0.362487220001838,0.0385225375882725,0.163544259380679
Oct16,0.529629739803387,0.0390779576926027,0.874688097794649,-0.0302992165253579,0.170347284357323,1.62466195580619,0.188759173965412,0.333435428043522,0.118083046677221,0.737039164468076,0.206642846165707,0,0.265533583306213,0.120392665308379,-0.00288648203734214,0.0449948685715916
Nov16,0.14681390013287,-0.0204582249943608,0.609246393551181,0.217641606467574,0.121649190661822,0.284153581703563,0.407653260147105,1.41773323734227,0.0687646453134543,0.298655492652593,0.506394277334351,0,0.280926844521683,0.184996762556629,0.0735069423907065,0.00567266403157412
Dic16,-0.130563684492838,0.184041264068479,0.963961387930758,-0.0691180687827505,0.0879325072993983,0.622028658938539,0.444894280289569,0.175453422623545,0.220984740566353,0.371033835767327,1.80762233765113,0,0.232331614352626,0.129258609546717,0.0977356775312098,0.140943107189231
Ene17,0.051788056496066,0.130201185081979,2.12589933287684,0.18176112091475,0.142477162014541,0.67757281304919,0.0994785168073572,0.201969771461212,0.154358968275888,0.555093175875675,-0.740421092181281,0.204472796284158,0.507164822185264,-0.165975103734507,0.111361615350859,0.706139368318829
Feb17,0.594177045920354,0.138587235202583,-0.407605491292176,0.28835755962128,0.173032773580045,1.49814191596285,0.0610711463145182,-0.821107981620029,0.180132544798771,0.284270288484841,-0.0904920006391704,0.302565137988805,0.400223267049969,-0.0831255195344787,0.301447059513845,0.260320582820307
Mar17,0.7587885403255,0.108589352186651,-0.146120570183122,0.242766808845823,0.291391127072944,5.45044943363688,0.919539099278897,-0.0217982253010967,0.109034015877953,0.498221542013202,-0.0136724581555732,3.92849693025377,0.343398435178697,0.221852468108688,0.192488632786834,0.00108281961283646
Abr17,0.731701696986011,0.0943320987262542,-0.0912788759039319,0.173931436827968,0.145552984614993,-3.3562236262811,0.170851348558718,0,0.138824660454734,0.116841162512851,0.13905292368836,0.0134999991280816,0.454585964298831,-0.0922339051835697,0.188299813839651,0.0936319449363829
May17,0.334605248786914,0.0855338258185161,-0.386485237169812,-0.121057743782997,0.320161888091128,-3.41341724349949,-0.114123736381252,-1.55030857212255,0.101386449610585,0.0694623428282126,-0.240833720749792,0,0.487341601982663,0.212333825701652,0.210912916536518,0.0343907776256269
Jun17,0.19733354078979,0.137719526285668,-0.393191477438517,0.018560746260165,0.081189359793314,-2.00712652268434,0.124737346947205,0.0561901793219026,0.12397735779341,0.067829582621563,-0.0502724146658776,0.0269963537487562,0.354240214135914,0.0184246890833676,0.185800310403158,0.140605597950536
Jul17,0.00984836276000302,0.18179644887776,-0.825971436079364,0.0367571348085925,0.102872553324613,0.696716620950607,0.206994520403541,0.190921105108339,0.0915814877184014,0.0343432303416164,0.311762480015101,0,0.199695306417447,0.0644745325596246,0.880796374964471,0.0592044877135746
Ago17,0.238180694546433,0.138610513460934,0.711181535105551,-0.0312981143449837,0.122265292023305,2.52308239770736,0.565184793877591,3.0324916364156,0.212960892897841,0.0593805469660857,-0.0540077363268768,0.0780866567407447,0.307821799254846,-0.0460235640647761,0.122250202686785,0.0571702455288459
Sep17,-0.198922764289608,0.123148171600256,2.62100503067298,-0.00442149480554468,0.080791773397526,-0.732276296547135,0.0334575060275717,0.14187083733763,0.0926342943489352,0.0847958613014184,-0.292268185916609,0,0.203891410420609,0.0184179022009501,-0.0199657112517557,0.0871651141482459
Oct17,-0.540479304573147,0.109736208446962,0.0374148406524844,-0.0196139654542422,0.106781014092129,-3.4695553542044,0.0284844547894151,0.0153914136687712,0.0942379904450744,-0.0116537988437493,-0.0546370204227874,0,0.0764723769793367,0.0736580425375478,0.0907077416286508,0.00106744573784504
Nov17,-0.658548711037245,0.126436837375015,0.542258701307912,0.154836156282702,0.195013376514273,-2.12037728998397,0.181612082139192,0.922578578723835,0.0248497198073619,0.0270613195773429,0.0148800437400739,0,0.0984296480056679,0.0092004784248315,0.118929722026788,0.0419275893595921
Dic17,-0.557565345476976,0.144652005450344,0.148574214993227,-0.0317016146249213,-0.107387600586451,-0.0521791334956666,0.464044057104234,0.602440404502324,0.0815774819792339,0.0341588788512153,1.79072060604152,0,0.157194958585233,0.147194112235567,0.0730397768683674,0.108242751439384
Ene18,-0.273780900695604,0.0928070779719196,0.911463460803162,0.111771013967595,-0.0319387153812931,1.02149217373079,0.0177416884101566,0.486309015057684,0.164713181196035,0.248925433306873,-1.41412372235956,0.0471940162185802,0.272946055943316,-0.018372221201554,1.36442758440329,0.130088028094119
Feb18,-0.219182057466974,0.169930861358783,1.19808716596474,0.159459160185916,0.19842790533841,0.340494498175877,0.318781759184059,1.37117711903723,0.124853258432846,0.0657954989630757,-0.095789555933412,0.262814057851477,0.140080709190566,0.137816979051818,0.227864692048297,0.101890245731048
Mar18,-0.0898212287898784,0.0336523816859865,-0.395573295269542,0.021530340360529,0.112598889624106,-0.0734838435194567,0.989312219202638,0.131767917088129,0.0612558949112107,0.366579600269991,0.217038776252103,4.12006976114077,0.20014991740607,0.119276997889718,0.26890990368979,0.0749007798556016
Abr18,0.156430063835062,-0.00377481791573553,0.264510744211309,0.16943462784019,0.269180281150171,-1.62672393625818,-0.0181054406556183,-0.200025724262379,0.067553018184253,0.0494558071827068,-0.434960406115453,0.116193584532609,0.216757385600364,-0.0274926686217687,0.00363743042967011,0.0899301386269983
May18,0.155937229341212,0.0925098503511361,1.80934839795347,-0.155671825617266,0.46081476841552,-0.466111309998399,-0.131795665657593,-1.72033583412705,0.113159448837044,0.145687000295102,0.319728463071126,0,0.157810113569996,0.229168576404841,0.272630075342017,0.0902066111125753
Jun18,0.112053754149092,0.121206937259158,0.664661182291488,0.147107296151987,1.11207910747746,0.607206550608599,0.0993866915829892,-0.235445126912476,0.131207508191594,0.0616340588173779,0.245379136096882,0,0.260087094029028,0.137186756905066,0.108635142268043,0.129583819829265
Jul18,0.181922060134064,0.0886589974308477,-0.317997174354101,0.156682410125478,0.411955732473755,1.2231305650817,0.300238404149848,0.486575285617186,0.0795416517161537,0.219317243707566,0.986101450768968,0,0.155043495534628,0.0547995250708,0.0343745693045331,0.115635226016022
Ago18,0.00282368407780318,0.00454098568713319,0.536794558213968,0.297157570901786,0.177095875688495,0.26155959623719,0.102948212881626,-0.00889020068022248,0.0733095064622485,0.125361050029974,0.00794356333039236,0.161192682961067,0.180326996349039,0.173436786855338,0.081640814454872,0.223515510343637
Sep18,-0.0330601745188595,0.157846213403329,0.260885314708723,0.050473202622057,0.155284921122345,1.16617093656119,0.0248721509867942,0,0.208583375573348,0.10655551035172,-0.206173636868709,0,0.143162621975178,0.0911244760341984,0.0409749325683299,0.168744817607388
Oct18,-0.0506316688622535,-0.0144408597467607,1.01974982977579,0.143569608577554,0.172332223507802,0.061814974880702,0.0483243093088717,-0.0813951222542016,0.152963921323097,0.201150676173106,-0.0430306120010456,0,0.166813799440284,0.154770575382384,0.0370750403628527,0.0779852712165821
Nov18,-0.125523077790819,0.0795319638314444,0.148204334817024,0.226562685951783,0.113000769491599,0.727591376051335,0.0358101498118159,-0.0760548295918969,0.0587526299164211,0.054089466473713,-0.0136894847584193,0,0.0972202630010031,0.218161985274047,0.139358039577958,0.12455465294236
Dic18,-0.349671268056005,0.0963852130778985,-0.850695607128672,-0.0192512202271006,0.21673938918473,0.0138760915634234,0.403339300678813,0.130606762337883,0.0451071747441053,0.100724745112278,1.88721568348969,0,0.174966790793937,-0.00907029478453457,0.087437127910789,0.134836721907614
Ene19,-0.101292298450364,0.0440580356350337,-0.680249585917421,0.167723976445085,0.0754054431381755,-0.485329918762546,0.27300017888564,1.78749917045832,0.199789725615426,0.0739030708758376,-0.811664258263889,0.307368323763694,0.237288824015889,-0.0453555878083786,0.0401438711850864,0.116051384589803
Feb19,-0.0488849537966693,0.126678030018021,-1.00048829045994,0.239537768217822,0.204027949035698,0.0632849559635733,0.214894606292755,0.650314421549976,0.180979939028324,0.222600170587092,-0.200788944981723,0.385056307613649,0.120203125348058,0.263181776930697,0.141140958645274,0.0975162387513196
Mar19,0.199757261039553,0.104166259993101,0.167601424314079,-0.151948847754321,0.499671756489433,1.15151543119191,0.943946488038264,-0.10053005192047,0.162924935961595,0.151680162813224,0.119334517755028,4.33444621747391,0.0548102789706348,-0.0633598841418975,0.0682605072024397,0.162723146561391
Abr19,0.287636947309457,0.0248357990262246,1.49799634496926,-0.0776949944888689,0.0419531177299177,0.719651312191066,0.0652125317634617,-0.0692918058103982,0.14136812214375,0.126110406091408,0.0892518802400481,0.00612739967775619,0.121061521534816,0.0724572049633463,0.184153489650717,0.0595863338008733
May19,0.294407090859344,0.0810161705400683,0.780254662121008,0.180062736666017,0.120404314455423,-0.131960092612002,0.166977338689585,-0.0238610322149546,0.0528606728215807,0.0685851413439322,0.00357400624463753,0,0.271034470557206,0.144809485021222,1.27910875665423,0.0733525283091747
Jun19,0.0204394136519447,-0.261100346782352,-0.0189015031980798,-0.329480952404953,0.243430008237369,-1.07260315149523,0.0423723627564835,-0.00313440234596226,0.0144892139618696,0.101129268943042,-0.0572665825453905,0,0.151119895915062,0.0271125169452879,0.109302190020891,0.0106112128967767
Jul19,0.106152207369954,0.0089738513141658,0.416814381980374,0.123135549681304,0.459794161163356,0.0153828831089991,0.179529798690151,0.108126000389191,0.115901979259735,0.110205852772257,0.580751050246683,0,0.15567262153302,-0.108420672208114,0.248012309662849,0.963176869045717
Ago19,0.351470901260861,0.00462177692171061,0.144699735776874,0.29854345497294,0.275097613454359,-0.0748388485262643,-0.0584118000166264,-0.832619034401346,0.0314753978384003,0.11926668374823,-0.0982199473926015,0.134794533511458,0.0971719567771954,0.379884225759713,0.148239769171285,0.649768486452271
Sep19,0.256297059907437,-0.0111076634617835,-0.682483545465179,0.0495125179484009,0.111036111514452,-0.263978412717557,0.0173511265348541,0.222148416178168,0.170628619937013,0.186694863648956,-0.489171475315584,0,0.162183371695642,-0.00901063254635913,0.137296107898484,0.12448648890757
Oct19,0.00211848181978034,-0.0452023190760533,-0.104318116398821,-0.0335002832732722,0.108396065723075,-0.891213687406518,0.409915099692331,1.31809113352913,0.16798239763592,0.18863549396422,0.938681056840549,0.00611877647428689,0.0883505847445025,0.0540686672073704,0.130402632201094,-0.0607611316778607
Nov19,-0.190064384830182,0.0692727709394928,-0.29202350170217,0.100549782476352,0.0785872807186255,0.0580185832913816,0.221959841425457,1.18552103804702,-0.0144144138700052,0.0725173197749308,-0.0265092984398305,0,0.136321910639595,0.0540394487976539,0.0789819413062764,0.104561224020501
Dic19,-0.110668854340258,0.086273939333209,-0.594462969299931,-0.220257419811758,0.0107340025709899,0.338821621833712,0.387062001322136,0.126045642628408,0.12108090500013,0.0352723645521397,1.99933285722695,0.00611840210293841,0.0821919127570236,-0.0270051309749519,-0.0555495417447312,0.104264463955265
Ene20,-0.0549061057625775,0.0256426782025739,-0.139829827343548,0.137513297762611,0.045467450500514,0.0231944481095076,0.0996215638246724,0.0244893707468531,0.12121365467261,0.0866398295712346,-0.768365127771644,0.0428261944419937,0.137104272805104,-0.0360165676211268,2.5825712132287,-0.00264752912321681
Feb20,0.40237452428392,0.0827622154882333,-0.675403381143545,0.12107489311012,0.297802524479557,0.368094156764225,0.0325950698302977,-0.41436575462734,0.0759676365458728,0.117643682530918,0.0656076662077913,0.110077358050303,0.119301546244861,0.225184651414197,0.190680889168746,0.137655437986385
Mar20,1.41712750801655,-0.0223728042779753,-0.783263529574648,-0.226297260297443,0.177606842038941,2.23331496215123,0.420481210524484,-0.0484488226492905,-0.00602691170446463,0.0136425529241421,-0.0220341915653562,1.82038798161386,0.0925959769150774,0.34151163835719,0.0510859933935953,0.0643265046961479
Abr20,1.45443055984221,-0.0310753998527184,-0.189498489660145,-0.446491478632345,0.0980254514043229,-1.30364981986882,0.18947502774388,0,0,0,1.13346235948374,0,0.00584138707387549,-0.412001791312203,0.149338428972997,-0.240686759290692
May20,0.861632973605186,-0.000454945583460272,-3.41862011856834,0.195593116631277,0.154029373264552,0.960982345693787,0.100382484094476,0,0,0,0.596767767678933,0,0,-0.0629553017357391,-0.00257828449019613,-0.0352756738174516
Jun20,0.154191649644367,-0.00412630300071764,-0.972628627573705,-0.0326614847552939,0.277872451326464,-2.77850067880688,0.0631276530570004,0.359265333577329,0,0,0.00723448264279802,0,0,0.12598992080638,0.0335228102717223,-0.0182361435530256
Jul20,-0.109095692118882,0.000216650679292156,-0.852750002074499,0.0783657124248641,0.207869697638849,3.43576046188027,0.112389696778194,0.866537045025236,0.0319889899434328,0,-0.174350622702217,0,0.0137738028632665,0.098867517526507,0.0158216083509359,0.154423562433988
Ago20,0.0343757098817174,-0.000912819551142836,-0.503561156321459,0.0464915337677672,0.435492240207262,-1.65047682738598,0.0579453055574789,0.244370006678457,0.0716466770346238,0.0797146771702785,-0.0505691016837467,0,0.0516793585871137,0.107748944958194,0.0738140011991312,-0.0229415671485412
Sep20,0.0221198916767877,0.0163399079858053,1.75821283801577,-0.0181047700411603,0.097179267877553,0.182682935609506,0.100488245884439,0.402080514819086,0.147534132188968,0.148576489358032,-0.0463427185414568,0,0.083410467764567,-0.00896941429720097,0.183643731415602,0.190055554890251
Oct20,0.00334207463156462,0.00598439992289135,-0.253565553362563,-0.070811034102621,0.249487422781665,-0.457796633378075,0.067438178325463,0.0421743677556913,0.173821892619102,0.170811583518779,-0.0485175176961531,0,0.106319927077362,0.107642626480019,0.326348632850962,0.280427721142095
Nov20,0.367002666569825,0.0057674379837458,0.304887037722818,-0.0419198398995352,0.13179525243596,2.39157278488778,0.3206108951571,1.55019848758726,0.242866394886488,0.240613328877886,0.0773358396661518,0,0.139955034150894,0.0448028673835894,0.133691207984334,0.27877037297346
Dic20,0.0833026978354947,-0.00362862688873209,1.54176877178777,-0.157452887389104,0.0422077150084209,-1.82017647585576,0.421203610374309,0.596375654948415,0.127828137062183,0.333082485140421,1.47589798354834,0,0.243582610062134,-0.0358262427228154,-0.0618866528554207,0.169952390046242
Ene21,0.121241642183869,0.0257377606941422,7.20659956684762,0.110682973370221,0.106808733725708,4.51515066757307,-0.00720724924954107,0.032341701481339,0.12182486308056,0.340956063003647,-0.779686366396045,0,0.110369981529193,0.143356330077904,1.06486579565097,0.183479186720189
Feb21,0.0494075920764832,0.0985503743183887,4.32563156973592,-0.0278871597130498,0.153481051022846,-2.18458805361323,-0.0111252271710864,-0.067927765490383,0.0351147657353035,0.331688045364262,0.175002320303029,-0.26997618850395,0,0.0626286123289624,0.219492169178405,0.0893488254674687
Mar21,0.400605908890253,0.0709462332169909,2.61862199107303,0.370778209034603,0.365216778545492,2.94686556331661,0.596613822448596,0.62521759666389,0.117324751002012,0.285026983002326,-0.0528441814012299,1.87690209570057,0.133439334086504,0.152002861230237,0.753490191218379,0.0872382299127966
Abr21,0.733817796311826,0.0265551704997028,1.05666099899862,0.168293228968273,0.0726023375721259,-2.84079450477672,0.228540153342496,0.764101289023816,0.226089156795561,0.344155391604757,0.221008669114911,0,0.148681004161804,-0.044638871529289,0.1777716312997,0.120089481261109
May21,0.608060809868496,0.0889086847955883,1.26614105429741,0.137590584341698,0.342205575705459,1.13990205604526,-0.0721663383082353,-1.32869815252592,0.178576057159489,0.302585745229,0.299388035887386,0,0.185886340019184,0.205430510896775,0.155205552049809,0.089268955874945
Jun21,1.02182824974125,0.0160146252611726,3.0662441827097,0.419022928690463,0.491737360313988,1.1529407930975,0.184986235032016,0.172761508064625,0.101504301917229,0.219741420409295,0.181297295388568,0,0.274375639439048,0.347624565469273,0.417764617178692,0.00457406118852174
Jul21,1.45599004837504,0.0000172714365937552,7.21056219097418,0.264888647875215,0.425746054770119,2.93829338987806,0.400763701688476,1.05055786044158,0.184059496253042,0.159270914563959,0.57493653483565,0,0.334336328674342,0.115473441108548,0.433613167662732,0.114734736978343
Ago21,1.40790925583749,0.056461755691811,4.11076309471137,0.76747406444794,0.482050907953713,2.43618451910283,0.609989940008097,1.9625939652409,0.217175223416779,0.164947161319119,0.490381217425711,0,0.547441454572853,0.390382397302855,0.581790509097463,0.121863554528028
Sep21,0.759924251822893,0.144486076917264,-3.32750620335369,0.512142745333256,0.287473781636646,1.16742353286027,0.426614373410016,0.836249265220022,0.310087814486618,0.111254972315174,0.101381384393001,0,0.658982520199661,0.0441891294741253,1.11800136947859,0.147272180429005
Oct21,0.526921226248531,0.198912471057784,1.45828493028081,0.405883398964557,0.29445603968935,0.466115226526889,0.701977857488192,2.1436374108952,0.347523197329271,0.188164668625966,0.891088511888814,0,0.632331734595575,-0.203180212014175,0.316656550203192,0.675083092730948
Nov21,0.18675344821536,0.126097665180458,6.64430183678249,0.450930619455416,0.130272397177031,-0.629866151690687,0.355374910467327,0.748337936306129,0.294168030586463,0.157097228914934,0.0912298132507035,0,0.649097864422786,-0.00885190758602569,0.358225008205487,0.210213652673812
Dic21,0.486235540865678,0.209190341075732,4.15345465529827,0.4902574800649,0.306400827322831,0.974415858101623,0.806859534558406,0.097719201197843,0.342312539386347,0.182179562819404,2.95066190330074,0,0.772062385696149,0.5400141643059,0.472181358362293,0.298880764889272
Ene22,1.04522449699201,0.092566837606995,-1.0098194599628,0.656172707424005,0.0611198607989962,-0.692455986182495,0.0355716679579956,0.0276777925050027,0.217714266192999,0.0950059973049946,-1.2237896234676,0,0.748366856513996,-0.211799999999997,0.309867656392001,0.248556416464993
Feb22,1.17231419162937,0.110181720110078,1.75201358943713,0.490885927418692,0.4757255687466,-0.650220979223354,0.27061565843154,0.499734741450186,0.189562370832358,0.11837614741958,-0.260723145887649,0,0.626698231913009,-0.147913280327731,0.736395144184925,0.571305697317695
Mar22,2.40986087309168,0.167718487863842,5.36547622837984,0.477004381830771,0.449087248514002,4.61252784057249,0.926087513926064,0.0961995834711818,0.172806473036276,0.118871888780637,1.18195659169065,2.83788410596,0.748243045038381,-0.164892624090994,0.871805152564068,0.246499754637816
Abr22,2.16543648265585,0.172242552792308,-0.333648700334313,0.446486964731549,0.522554738849669,2.95870610783809,0.564285373887302,0.50133454368868,0.156659649384999,0.617324416581419,1.10732275243622,0.0405630197817157,0.820429343895806,0.106960150307166,0.479699810692795,0.236855739081581
May22,0.732036475140748,0.244429107910631,1.13111585537849,0.417235020572203,0.557936882407877,-2.0341430249926,0.769051124321321,0.386892201872958,0.298113178525908,0.852871315169213,1.72499427919477,0.0362698981917657,1.13176121991053,0.296637869830805,0.509463241494948,1.10741790365063
Jun22,0.802841342783114,0.130979188509498,4.8074803754694,0.303567443276045,0.385497230127228,2.99371868044544,1.04572007862659,0.699824588134533,0.302033002871779,1.5089941288377,3.10578265740361,0.122605306756075,1.0427362880294,0.676524683589287,0.0623781988823986,0.325004963378087
Jul22,1.1965790019836,0.172571792390687,1.34345317619963,0.316142567106934,0.682637265668236,1.99668668133112,0.79706203607326,0.139280746081875,0.182809689351308,1.02022572780066,2.62735900888258,0.0117860021758431,0.809791257049507,0.744278187398193,0.100329580356545,0.207684266103539
Ago22,0.861612259210021,0.261647834830405,-3.89781681894696,0.325347743431937,0.465147604514104,2.56679594885979,0.488451752374572,0.900676445551153,0.322649177646603,1.17614934110758,-0.277493995389571,0.676945861841016,0.636252033782049,0.710942111819887,0.167988873494238,0.452885565974604
Sep22,0.633695494922884,0.246361326411778,-4.24413630535563,0.323821948048953,0.375537247369399,2.02213366407117,0.420078154502618,0.764848188732962,0.244584393863135,0.877230465783651,0.309134071001582,0.0516039554243219,0.653376846806289,0.140655385483961,0.154457130525659,0.247348604620872
Oct22,1.10372575858547,0.323378932589354,0.107811660677476,0.169521499304804,0.667301187541668,-1.24175751237245,0.514087480811082,0.169899932921807,0.199547055785603,0.277919967573229,1.5122928237754,0,0.607425947116797,0.103067657603956,0.412781153312683,0.200513413199818
Nov22,0.10446104995192,0.253105879118055,-0.181536791705032,0.194759955310616,0.509479012278451,1.34438497560202,0.458711578635648,1.19503087061114,0.144708498471469,0.203383610162694,0.169366901314258,0.112259366422505,0.69625290133736,0.0570052957235299,0.25742752350367,0.438833961728986
Dic22,0.934426225806135,0.278534932155303,-3.28355689880202,0.311995480957331,0.426842832956931,2.49210505876123,0.688654642555446,0.556469901458645,0.28408313439255,0.21437503229329,1.76583902252337,0,0.77177715673433,0.0532593240463448,0.73738991919839,0.162585247006939
Ene23,0.63325569189175,0.257159499002113,-2.84256631399391,0.194779695030013,0.289636495005716,0.762682553727455,0.111998840170094,0.342183141750777,0.209121811336343,0.321471777562983,-0.772732583413147,0,0.539338020708099,0.00752070636036863,0.238650796257633,0.447983360552614
Feb23,0.744277194928245,0.23104578736879,0.848984314425467,0.155440399061165,0.346939326380679,0.510499326906851,0.13067841588345,-1.32545503790053,0.260560733429989,0.115917378566623,0.0444026054662458,0.775613621566006,0.543303051749063,0.0648490063159432,0.298211326734282,0.356561456014643
Mar23,1.37135206393251,0.394238756814625,-0.63600875196514,0.167926554776369,0.50042652459535,4.13625210011682,0.917723575101181,-0.151561675539335,0.163553971693617,0.412772173741295,-0.201707814118215,4.78690514488315,0.735689583728032,-0.0874855184704759,0.317128378603909,0.138635079453354
Abr23,2.00500051446884,0.277689588699718,-1.15901589689628,0.0396739839443495,0.269160081041622,1.09594662230869,0.321182625171314,-0.235611968147345,0.202276585521465,0.707174653618136,0.437989717035028,0.0913798289045686,0.782431528637612,-0.0632655775708393,0.203541751404555,0.227158285192202
May23,1.71329761736276,0.385349769461454,-1.68042948800297,0.119980762927784,0.230411604814233,0.473287186178889,0.109133302126867,-0.690287473262652,0.23080448650682,0.225145847035612,-0.0626685485576504,0.0680240082086644,0.699706915131964,-0.346419533213376,0.159917141766832,0.105193035220924
Jun23,0.622399661822353,0.341254207075139,-1.85211854686888,-0.0619504683199316,0.21673243269501,-2.83973843480163,0.265441751664486,-0.114614945456221,0.226439669753969,0.330780795418975,0.119349249757466,0.153017503347646,0.731299371341321,-0.141050502553719,0.171213602796493,0.528160117120717
Jul23,0.260981098096277,0.237528178296533,-2.29662197429081,0.162644229118419,0.0900292818580367,1.16345897729316,0.42263645833019,0.223980336431257,0.278695822095891,0.268867084010666,0.681120489546606,0.0796507053373391,0.601746879304515,-0.190854128706208,1.00622614606806,0.0420801554023074
Ago23,-0.0308395006930587,0.14351147118463,3.7943759938561,0.0196425049176107,0.384586233052597,1.64090305914111,0.0593762300354539,-1.54345481658987,0.208711520322901,0.166730870683164,0.200909748392131,0.356188647430564,0.432959365553573,0.304297164092151,0.288000866817538,0.309151279548193
Sep23,0.174215718782393,0.0855889622025618,2.69030471916013,-0.0328480965892675,0.0903563146223853,-1.44457216375856,0.231031933235479,-0.046775359981937,0.287280027586062,0.290164993780821,0.40636043832047,0.00868235818135531,0.432810306074195,0.115580394111486,0.0807188616979529,0.00882252835484075
Oct23,-0.366613737942737,0.0826512008898047,-0.159264835270169,-0.0890059910027775,0.355153698681738,-3.53785099347712,0.245680366155405,0.0417487155448054,0.195702760614184,0.312922360441305,0.345729112439561,0,0.359519666839796,0.386129900370637,0.338426735615531,-0.103624020439806
Nov23,-0.431135796683401,0.11282656242131,-1.44233817807435,0.0770081550473138,0.124122468574074,-1.98739146639559,0.253299917260887,1.47549331939423,0.109854318413904,0.182282525223053,-0.24488243298604,0,0.267582630747948,-0.134528009746934,0.122242592254697,0.0640229316155868
Dic23,0.07018505199999,0.159967007766711,-1.59264400667549,-0.0839967437107051,0.0846914056655931,1.45067875916289,0.414054273788808,0.0818684766702694,0.158826880731539,-0.0957017887805237,1.9210316428752,0,0.247297729500791,-0.106555197547466,0.0782180552227476,0.093230813935831
Ene24,1.02929446668742,0.114674909330118,-1.68485163331931,0.192676416628964,0.177792772172646,-0.944952657442307,0.0526308940958402,0.00944272379234364,0.250082573437782,0.133154008754599,-0.286919659697919,0,0.250515727811296,0.0149727847618117,0.0863645419670461,0.091981722896119
Feb24,0.555238283640753,0.120094217892919,0.203989659830889,0.196876616899456,0.579348881426379,1.2569563872241,0.449994954236526,0.936115668650304,0.180476745228316,0.510734024340502,0.408472646906969,0.288487869795163,0.338286517761644,0.313598634843006,0.734551969825232,0.242156677244298
Mar24,0.298018610967341,0.108578642358504,2.30802358734814,0.0499805874605478,0.236906577665041,2.99705266173024,0.952646794584055,-0.0410785019127962,0.185462675793627,0.640400573888563,0.809915043335106,4.19899020079817,0.500049827728366,0.0100467025356715,-0.0438240454845603,-0.0363616743738234
Abr24,0.63389919915066,0.00433704180534064,2.94946698450662,0.237587148109653,0.174838019837395,-2.19960760087139,0.152560354423869,0.000198796300139869,0.0605125035054597,0.208799595218531,0.127451655688111,0.164659886094992,0.294230032180651,0.0555926715204617,0.0682428894623453,0.0437409858228068
May24,0.25951912266095,0.0404468777343451,0.559971383769791,0.22353054028003,0.390791606976695,-1.87259612417858,0.0870941204357777,-0.37128451917899,0.0854249048826706,0.0331243529295503,0.108325579975758,0.172425157965604,0.279558056568293,0.0150114291562891,0.0492295149239445,0.0834395941735424
Jun24,0.134579606091427,0.093862353778702,-1.22563246524548,0.171320669249106,0.321328788408259,0.0222518653649504,0.146441136097602,0.00305044866040225,0.105375501579438,0,0.249857763270908,0.0550567626357499,0.204041626402658,0.0992165015169962,0.273637193428243,-0.0905026905483974
Jul24,0.0651734972804333,0.0392718491402477,1.28188920532603,0.107009767002983,0.143504889778165,0.619980641918828,0.190776922685425,0.00720873096718082,0.0706753260987555,-0.00069142165505129,0.588408233319771,0.0646762773473089,0.155606622928387,0.0198625782210815,0.358247226084764,0.129971411162242
Ago24,-0.0902110633418983,0.0450013459602855,0.154060876954447,0.345296059702894,0.0814076408797999,1.88149118512382,0.0776767159971122,0.131704183763611,0.0594155045265065,-0.00119116258696906,-0.163917825909276,0.00260320751293649,0.218261720697056,0.0330003767299671,0.221593267885185,0.0401250838276747
Sep24,-0.645948340235673,0.0415840809177297,-1.46844261944059,0.135502014630581,0.0394517393175995,-1.36947487786517,0.0360353477372167,0.0385978175928241,0.205095504210553,0.0080691132849128,-0.218368707741111,0.000423412437828028,0.158288425301881,0.0752238224990209,0.0400911385614307,0.152686308273184
Oct24,-0.909228386947927,0.0250479439973762,-0.579822915321442,0.242297372830638,0.0340268542220599,-0.51277645448362,0.12617100356672,0.00630623584198788,0.133696472247677,0.0153970424707126,0.337023846203785,0.0115722100759624,0.170368734784511,-0.0680686871397763,0.157418068102488,0.0203181646049101
Nov24,-0.300307672068504,0.0250803898214499,0.917121328509537,0.12898694013121,0.148893317035663,0.244235471482115,0.101416881608972,0.268692230694512,0.221642240679343,0.0353181786772884,-0.210772957835971,0.0807503307744418,0.0933063324428773,0.116963275283088,0.477120961371111,0.0218210726451533
Dic24,0.250170963524061,0.00902090975827207,-0.0289795506770902,-0.0535796560762385,0.0157284735812016,-1.41448076532044,0.45002452028071,0.050233336397329,0.170365526705379,0.00198893603362691,2.03699905844033,0.011231350655615,0.191660937152772,-0.119936824201194,0.464999042790931,0.185668967201312
